{"cameraMode":{"drawMode":0,"name":"Shaded","section":"Shading Mode"},"sceneLighting":false,"audioPlay":false,"sceneViewState":{"showFog":true,"showMaterialUpdate":false,"showSkybox":true,"showFlares":true,"showImageEffects":true,"showParticleSystems":true},"in2DMode":false,"pivot":{"x":-0.9739327430725098,"y":3.0094447135925295,"z":-0.38175153732299807},"rotation":{"x":-0.044267937541007999,"y":0.9019722938537598,"z":-0.09533906728029251,"w":-0.4188045561313629},"size":10.0,"orthographic":false}